EmployeeNumber,AttritionProbability,PredictedAttrition,RiskLevel,ActualAttrition,Age,Attrition,BusinessTravel,DailyRate,Department,DistanceFromHome,Education,EducationField,EmployeeCount,EnvironmentSatisfaction,Gender,HourlyRate,JobInvolvement,JobLevel,JobRole,JobSatisfaction,MaritalStatus,MonthlyIncome,MonthlyRate,NumCompaniesWorked,Over18,OverTime,PercentSalaryHike,PerformanceRating,RelationshipSatisfaction,StandardHours,StockOptionLevel,TotalWorkingYears,TrainingTimesLastYear,WorkLifeBalance,YearsAtCompany,YearsInCurrentRole,YearsSinceLastPromotion,YearsWithCurrManager,HRRecommendation
1,0.2878948725147079,1,Medium,No,41,Yes,Travel_Rarely,1102,Sales,1,2,Life Sciences,1,2,Female,94,3,2,Sales Executive,4,Single,5993,19479,8,Y,Yes,11,3,1,80,0,8,0,1,6,4,0,5,Monitor engagement and satisfaction
2,0.0222853864931527,0,Low,No,49,No,Travel_Frequently,279,Research & Development,8,1,Life Sciences,1,3,Male,61,2,2,Research Scientist,2,Married,5130,24907,1,Y,No,23,4,4,80,1,10,3,3,10,7,1,7,Continue regular engagement
4,0.1170919517582897,0,Low,No,37,Yes,Travel_Rarely,1373,Research & Development,2,2,Other,1,4,Male,92,2,1,Laboratory Technician,3,Single,2090,2396,6,Y,Yes,15,3,2,80,0,7,3,3,0,0,0,0,Continue regular engagement
5,0.0095190410064452,0,Low,No,33,No,Travel_Frequently,1392,Research & Development,3,4,Life Sciences,1,4,Female,56,3,1,Research Scientist,3,Married,2909,23159,1,Y,Yes,11,3,3,80,0,8,3,3,8,7,3,0,Continue regular engagement
7,0.2830117376640162,1,Medium,Yes,27,No,Travel_Rarely,591,Research & Development,2,1,Medical,1,1,Male,40,3,1,Laboratory Technician,2,Married,3468,16632,9,Y,No,12,3,4,80,1,6,3,3,2,2,2,2,Monitor engagement and satisfaction
8,0.0923796411026595,0,Low,No,32,No,Travel_Frequently,1005,Research & Development,2,2,Life Sciences,1,4,Male,79,3,1,Laboratory Technician,4,Single,3068,11864,0,Y,No,13,3,3,80,0,8,2,2,7,7,3,6,Continue regular engagement
10,0.0710707167223243,0,Low,No,59,No,Travel_Rarely,1324,Research & Development,3,3,Medical,1,3,Female,81,4,1,Laboratory Technician,1,Married,2670,9964,4,Y,Yes,20,4,1,80,3,12,3,2,1,0,0,0,Continue regular engagement
11,0.0507830256265167,0,Low,No,30,No,Travel_Rarely,1358,Research & Development,24,1,Life Sciences,1,4,Male,67,3,1,Laboratory Technician,3,Divorced,2693,13335,1,Y,No,22,4,2,80,1,1,2,3,1,0,0,0,Continue regular engagement
12,0.0154269068328583,0,Low,No,38,No,Travel_Frequently,216,Research & Development,23,3,Life Sciences,1,4,Male,44,2,3,Manufacturing Director,3,Single,9526,8787,0,Y,No,21,4,2,80,0,10,2,3,9,7,1,8,Continue regular engagement
13,0.4348279921897848,1,Medium,No,36,No,Travel_Rarely,1299,Research & Development,27,3,Medical,1,3,Male,94,3,2,Healthcare Representative,3,Married,5237,16577,6,Y,No,13,3,2,80,2,17,3,2,7,7,7,7,Monitor engagement and satisfaction
14,0.0358320499858052,0,Low,No,35,No,Travel_Rarely,809,Research & Development,16,3,Medical,1,1,Male,84,4,1,Laboratory Technician,2,Married,2426,16479,0,Y,No,13,3,3,80,1,6,5,3,5,4,0,3,Continue regular engagement
15,0.1320953877028068,0,Low,No,29,No,Travel_Rarely,153,Research & Development,15,2,Life Sciences,1,4,Female,49,2,2,Laboratory Technician,3,Single,4193,12682,0,Y,Yes,12,3,4,80,0,10,3,3,9,5,0,8,Continue regular engagement
16,0.1397207562425874,0,Low,No,31,No,Travel_Rarely,670,Research & Development,26,1,Life Sciences,1,1,Male,31,3,1,Research Scientist,3,Divorced,2911,15170,1,Y,No,17,3,4,80,1,5,1,2,5,2,4,3,Continue regular engagement
18,0.2323017289895625,0,Low,No,34,No,Travel_Rarely,1346,Research & Development,19,2,Medical,1,2,Male,93,3,1,Laboratory Technician,4,Divorced,2661,8758,0,Y,No,11,3,3,80,1,3,2,3,2,2,1,2,Continue regular engagement
19,0.0841342335439276,0,Low,No,28,Yes,Travel_Rarely,103,Research & Development,24,3,Life Sciences,1,3,Male,50,2,1,Laboratory Technician,3,Single,2028,12947,5,Y,Yes,14,3,2,80,0,6,4,3,4,2,0,3,Continue regular engagement
20,0.2584286877577106,1,Medium,No,29,No,Travel_Rarely,1389,Research & Development,21,4,Life Sciences,1,2,Female,51,4,3,Manufacturing Director,1,Divorced,9980,10195,1,Y,No,11,3,3,80,1,10,1,3,10,9,8,8,Monitor engagement and satisfaction
21,0.0233037775165502,0,Low,No,32,No,Travel_Rarely,334,Research & Development,5,2,Life Sciences,1,1,Male,80,4,1,Research Scientist,2,Divorced,3298,15053,0,Y,Yes,12,3,4,80,2,7,5,2,6,2,0,5,Continue regular engagement
22,0.0189855741528938,0,Low,No,22,No,Non-Travel,1123,Research & Development,16,2,Medical,1,4,Male,96,4,1,Laboratory Technician,4,Divorced,2935,7324,1,Y,Yes,13,3,2,80,2,1,2,2,1,0,0,0,Continue regular engagement
23,0.2914718751721336,1,Medium,No,53,No,Travel_Rarely,1219,Sales,2,4,Life Sciences,1,1,Female,78,2,4,Manager,4,Married,15427,22021,2,Y,No,16,3,3,80,0,31,3,3,25,8,3,7,Monitor engagement and satisfaction
24,0.0194385926191348,0,Low,No,38,No,Travel_Rarely,371,Research & Development,2,3,Life Sciences,1,4,Male,45,3,1,Research Scientist,4,Single,3944,4306,5,Y,Yes,11,3,3,80,0,6,3,3,3,2,1,2,Continue regular engagement
26,0.3034795495333302,1,Medium,Yes,24,No,Non-Travel,673,Research & Development,11,2,Other,1,1,Female,96,4,2,Manufacturing Director,3,Divorced,4011,8232,0,Y,No,18,3,4,80,1,5,5,2,4,2,1,3,Monitor engagement and satisfaction
27,0.099163518511479,0,Low,Yes,36,Yes,Travel_Rarely,1218,Sales,9,4,Life Sciences,1,3,Male,82,2,1,Sales Representative,1,Single,3407,6986,7,Y,No,23,4,2,80,0,10,4,3,5,3,0,3,Continue regular engagement
28,0.0527970019870294,0,Low,No,34,No,Travel_Rarely,419,Research & Development,7,4,Life Sciences,1,1,Female,53,3,3,Research Director,2,Single,11994,21293,0,Y,No,11,3,3,80,0,13,4,3,12,6,2,11,Continue regular engagement
30,0.0262833480801106,0,Low,No,21,No,Travel_Rarely,391,Research & Development,15,2,Life Sciences,1,3,Male,96,3,1,Research Scientist,4,Single,1232,19281,1,Y,No,14,3,4,80,0,0,6,3,0,0,0,0,Continue regular engagement
31,0.0465783480898231,0,Low,No,34,Yes,Travel_Rarely,699,Research & Development,6,1,Medical,1,2,Male,83,3,1,Research Scientist,1,Single,2960,17102,2,Y,No,11,3,3,80,0,8,2,3,4,2,1,3,Continue regular engagement
32,0.247151701433009,0,Low,No,53,No,Travel_Rarely,1282,Research & Development,5,3,Other,1,3,Female,58,3,5,Manager,3,Divorced,19094,10735,4,Y,No,11,3,4,80,1,26,3,2,14,13,4,8,Continue regular engagement
33,0.109582674775175,0,Low,No,32,Yes,Travel_Frequently,1125,Research & Development,16,1,Life Sciences,1,2,Female,72,1,1,Research Scientist,1,Single,3919,4681,1,Y,Yes,22,4,2,80,0,10,5,3,10,2,6,7,Continue regular engagement
35,0.2027956057133988,0,Low,Yes,42,No,Travel_Rarely,691,Sales,8,4,Marketing,1,3,Male,48,3,2,Sales Executive,2,Married,6825,21173,0,Y,No,11,3,4,80,1,10,2,3,9,7,4,2,Continue regular engagement
36,0.0295045167240057,0,Low,No,44,No,Travel_Rarely,477,Research & Development,7,4,Medical,1,1,Female,42,2,3,Healthcare Representative,4,Married,10248,2094,3,Y,No,14,3,4,80,1,24,4,3,22,6,5,17,Continue regular engagement
38,0.0249684983405175,0,Low,Yes,46,No,Travel_Rarely,705,Sales,2,4,Marketing,1,2,Female,83,3,5,Manager,1,Single,18947,22822,3,Y,No,12,3,4,80,0,22,2,2,2,2,2,1,Continue regular engagement
39,0.028512753855353,0,Low,No,33,No,Travel_Rarely,924,Research & Development,2,3,Medical,1,3,Male,78,3,1,Laboratory Technician,4,Single,2496,6670,4,Y,No,11,3,4,80,0,7,3,3,1,1,0,0,Continue regular engagement
40,0.1013032756933592,0,Low,No,44,No,Travel_Rarely,1459,Research & Development,10,4,Other,1,4,Male,41,3,2,Healthcare Representative,4,Married,6465,19121,2,Y,Yes,13,3,4,80,0,9,5,4,4,2,1,3,Continue regular engagement
41,0.0595660234864331,0,Low,No,30,No,Travel_Rarely,125,Research & Development,9,2,Medical,1,4,Male,83,2,1,Laboratory Technician,3,Single,2206,16117,1,Y,No,13,3,1,80,0,10,5,3,10,0,1,8,Continue regular engagement
42,0.0471130472755569,0,Low,No,39,Yes,Travel_Rarely,895,Sales,5,3,Technical Degree,1,4,Male,56,3,2,Sales Representative,4,Married,2086,3335,3,Y,No,14,3,3,80,1,19,6,4,1,0,0,0,Continue regular engagement
45,0.3681446174217053,1,Medium,No,24,Yes,Travel_Rarely,813,Research & Development,1,3,Medical,1,2,Male,61,3,1,Research Scientist,4,Married,2293,3020,2,Y,Yes,16,3,1,80,1,6,2,2,2,0,2,0,Monitor engagement and satisfaction
46,0.5525458360128426,1,High,Yes,43,No,Travel_Rarely,1273,Research & Development,2,2,Medical,1,4,Female,72,4,1,Research Scientist,3,Divorced,2645,21923,1,Y,No,12,3,4,80,2,6,3,2,5,3,1,4,Review work-life balance
47,0.0751237501501812,0,Low,No,50,Yes,Travel_Rarely,869,Sales,3,2,Marketing,1,1,Male,86,2,1,Sales Representative,3,Married,2683,3810,1,Y,Yes,14,3,3,80,0,3,2,3,3,2,0,2,Continue regular engagement
49,0.0762734468439848,0,Low,No,35,No,Travel_Rarely,890,Sales,2,3,Marketing,1,4,Female,97,3,1,Sales Representative,4,Married,2014,9687,1,Y,No,13,3,1,80,0,2,3,3,2,2,2,2,Continue regular engagement
51,0.0941679911003923,0,Low,No,36,No,Travel_Rarely,852,Research & Development,5,4,Life Sciences,1,2,Female,82,2,1,Research Scientist,1,Married,3419,13072,9,Y,Yes,14,3,4,80,1,6,3,4,1,1,0,0,Continue regular engagement
52,0.3136410486059049,1,Medium,Yes,33,No,Travel_Frequently,1141,Sales,1,3,Life Sciences,1,3,Female,42,4,2,Sales Executive,1,Married,5376,3193,2,Y,No,19,3,1,80,2,10,3,3,5,3,1,3,Monitor engagement and satisfaction
53,0.0302410343231458,0,Low,No,35,No,Travel_Rarely,464,Research & Development,4,2,Other,1,3,Male,75,3,1,Laboratory Technician,4,Divorced,1951,10910,1,Y,No,12,3,3,80,1,1,3,3,1,0,0,0,Continue regular engagement
54,0.2337357940122745,0,Low,No,27,No,Travel_Rarely,1240,Research & Development,2,4,Life Sciences,1,4,Female,33,3,1,Laboratory Technician,1,Divorced,2341,19715,1,Y,No,13,3,4,80,1,1,6,3,1,0,0,0,Continue regular engagement
55,0.0203260416897307,0,Low,No,26,Yes,Travel_Rarely,1357,Research & Development,25,3,Life Sciences,1,1,Male,48,1,1,Laboratory Technician,3,Single,2293,10558,1,Y,No,12,3,3,80,0,1,2,2,1,0,0,1,Continue regular engagement
56,0.0827932527706562,0,Low,No,27,No,Travel_Frequently,994,Sales,8,3,Life Sciences,1,4,Male,37,3,3,Sales Executive,3,Single,8726,2975,1,Y,No,15,3,4,80,0,9,0,3,9,8,1,7,Continue regular engagement
57,0.0381874838760506,0,Low,No,30,No,Travel_Frequently,721,Research & Development,1,2,Medical,1,3,Female,58,3,2,Laboratory Technician,4,Single,4011,10781,1,Y,No,23,4,4,80,0,12,2,3,12,8,3,7,Continue regular engagement
58,0.148598977792182,0,Low,No,41,Yes,Travel_Rarely,1360,Research & Development,12,3,Technical Degree,1,2,Female,49,3,5,Research Director,3,Married,19545,16280,1,Y,No,12,3,4,80,0,23,0,3,22,15,15,8,Continue regular engagement
60,0.3548043254979699,1,Medium,No,34,No,Non-Travel,1065,Sales,23,4,Marketing,1,2,Male,72,3,2,Sales Executive,3,Single,4568,10034,0,Y,No,20,4,3,80,0,10,2,3,9,5,8,7,Monitor engagement and satisfaction
61,0.0706480599821004,0,Low,No,37,No,Travel_Rarely,408,Research & Development,19,2,Life Sciences,1,2,Male,73,3,1,Research Scientist,2,Married,3022,10227,4,Y,No,21,4,1,80,0,8,1,3,1,0,0,0,Continue regular engagement
62,0.040586277677187,0,Low,No,46,No,Travel_Frequently,1211,Sales,5,4,Marketing,1,1,Male,98,3,2,Sales Executive,4,Single,5772,20445,4,Y,Yes,21,4,3,80,0,14,4,3,9,6,0,8,Continue regular engagement
63,0.0534591163300447,0,Low,No,35,No,Travel_Rarely,1229,Research & Development,8,1,Life Sciences,1,4,Male,36,4,1,Laboratory Technician,4,Married,2269,4892,1,Y,No,19,3,4,80,0,1,2,3,1,0,0,1,Continue regular engagement
64,0.0949592424783689,0,Low,No,48,Yes,Travel_Rarely,626,Research & Development,1,2,Life Sciences,1,1,Male,98,2,3,Laboratory Technician,3,Single,5381,19294,9,Y,Yes,13,3,4,80,0,23,2,3,1,0,0,0,Continue regular engagement
65,0.0769472789755525,0,Low,No,28,Yes,Travel_Rarely,1434,Research & Development,5,4,Technical Degree,1,3,Male,50,3,1,Laboratory Technician,3,Single,3441,11179,1,Y,Yes,13,3,3,80,0,2,3,2,2,2,2,2,Continue regular engagement
68,0.1002520203773816,0,Low,No,44,No,Travel_Rarely,1488,Sales,1,5,Marketing,1,2,Female,75,3,2,Sales Executive,1,Divorced,5454,4009,5,Y,Yes,21,4,3,80,1,9,2,2,4,3,1,3,Continue regular engagement
70,0.0633014014848361,0,Low,No,35,No,Non-Travel,1097,Research & Development,11,2,Medical,1,3,Male,79,2,3,Healthcare Representative,1,Married,9884,8302,2,Y,Yes,13,3,3,80,1,10,3,3,4,0,2,3,Continue regular engagement
72,0.0240070094699181,0,Low,No,26,No,Travel_Rarely,1443,Sales,23,3,Marketing,1,3,Female,47,2,2,Sales Executive,4,Married,4157,21436,7,Y,Yes,19,3,3,80,1,5,2,2,2,2,0,0,Continue regular engagement
73,0.0366998144004218,0,Low,No,33,No,Travel_Frequently,515,Research & Development,1,2,Life Sciences,1,1,Female,98,3,3,Research Director,4,Single,13458,15146,1,Y,Yes,12,3,3,80,0,15,1,3,15,14,8,12,Continue regular engagement
74,0.0557563933721704,0,Low,No,35,No,Travel_Frequently,853,Sales,18,5,Life Sciences,1,2,Male,71,3,3,Sales Executive,1,Married,9069,11031,1,Y,No,22,4,4,80,1,9,3,2,9,8,1,8,Continue regular engagement
75,0.1656577383149625,0,Low,Yes,35,No,Travel_Rarely,1142,Research & Development,23,4,Medical,1,3,Female,30,3,1,Laboratory Technician,1,Married,4014,16002,3,Y,Yes,15,3,3,80,1,4,3,3,2,2,2,2,Continue regular engagement
76,0.0615238507031093,0,Low,No,31,No,Travel_Rarely,655,Research & Development,7,4,Life Sciences,1,4,Male,48,3,2,Laboratory Technician,4,Divorced,5915,9528,3,Y,No,22,4,4,80,1,10,3,2,7,7,1,7,Continue regular engagement
77,0.0889152311906943,0,Low,No,37,No,Travel_Rarely,1115,Research & Development,1,4,Life Sciences,1,1,Male,51,2,2,Manufacturing Director,3,Divorced,5993,2689,1,Y,No,18,3,3,80,1,7,2,4,7,5,0,7,Continue regular engagement
78,0.0377724344363427,0,Low,No,32,No,Travel_Rarely,427,Research & Development,1,3,Medical,1,1,Male,33,3,2,Manufacturing Director,4,Married,6162,10877,1,Y,Yes,22,4,2,80,1,9,3,3,9,8,7,8,Continue regular engagement
79,0.0731193181432512,0,Low,No,38,No,Travel_Frequently,653,Research & Development,29,5,Life Sciences,1,4,Female,50,3,2,Laboratory Technician,4,Single,2406,5456,1,Y,No,11,3,4,80,0,10,2,3,10,3,9,9,Continue regular engagement
80,0.0639949783087276,0,Low,No,50,No,Travel_Rarely,989,Research & Development,7,2,Medical,1,2,Female,43,2,5,Research Director,3,Divorced,18740,16701,5,Y,Yes,12,3,4,80,1,29,2,2,27,3,13,8,Continue regular engagement
81,0.0721259956555584,0,Low,No,59,No,Travel_Rarely,1435,Sales,25,3,Life Sciences,1,1,Female,99,3,3,Sales Executive,1,Single,7637,2354,7,Y,No,11,3,4,80,0,28,3,2,21,16,7,9,Continue regular engagement
83,0.0560381097244018,0,Low,No,36,No,Travel_Rarely,1223,Research & Development,8,3,Technical Degree,1,3,Female,59,3,3,Healthcare Representative,3,Divorced,10096,8202,1,Y,No,13,3,2,80,3,17,2,3,17,14,12,8,Continue regular engagement
84,0.0677293179614327,0,Low,No,55,No,Travel_Rarely,836,Research & Development,8,3,Medical,1,4,Female,33,3,4,Manager,3,Divorced,14756,19730,2,Y,Yes,14,3,3,80,3,21,2,3,5,0,0,2,Continue regular engagement
85,0.0601541955495359,0,Low,No,36,No,Travel_Frequently,1195,Research & Development,11,3,Life Sciences,1,2,Male,95,2,2,Manufacturing Director,2,Single,6499,22656,1,Y,No,13,3,3,80,0,6,3,3,6,5,0,3,Continue regular engagement
86,0.3045056327236072,1,Medium,Yes,45,No,Travel_Rarely,1339,Research & Development,7,3,Life Sciences,1,2,Male,59,3,3,Research Scientist,1,Divorced,9724,18787,2,Y,No,17,3,3,80,1,25,2,3,1,0,0,0,Monitor engagement and satisfaction
88,0.4904175940141391,1,Medium,No,35,No,Travel_Frequently,664,Research & Development,1,3,Medical,1,2,Male,79,3,1,Research Scientist,1,Married,2194,5868,4,Y,No,13,3,4,80,1,5,2,2,3,2,1,2,Monitor engagement and satisfaction
90,0.1886810642226949,0,Low,No,36,Yes,Travel_Rarely,318,Research & Development,9,3,Medical,1,4,Male,79,2,1,Research Scientist,3,Married,3388,21777,0,Y,Yes,17,3,1,80,1,2,0,2,1,0,0,0,Continue regular engagement
91,0.1318444215085766,0,Low,No,59,No,Travel_Frequently,1225,Sales,1,1,Life Sciences,1,1,Female,57,2,2,Sales Executive,3,Single,5473,24668,7,Y,No,11,3,4,80,0,20,2,2,4,3,1,3,Continue regular engagement
94,0.0160084995663826,0,Low,No,29,No,Travel_Rarely,1328,Research & Development,2,3,Life Sciences,1,3,Male,76,3,1,Research Scientist,2,Married,2703,4956,0,Y,No,23,4,4,80,1,6,3,3,5,4,0,4,Continue regular engagement
95,0.0690043953934665,0,Low,No,31,No,Travel_Rarely,1082,Research & Development,1,4,Medical,1,3,Male,87,3,1,Research Scientist,2,Single,2501,18775,1,Y,No,17,3,2,80,0,1,4,3,1,1,1,0,Continue regular engagement
96,0.0892492994240998,0,Low,No,32,No,Travel_Rarely,548,Research & Development,1,3,Life Sciences,1,2,Male,66,3,2,Research Scientist,2,Married,6220,7346,1,Y,No,17,3,2,80,2,10,3,3,10,4,0,9,Continue regular engagement
97,0.0252360210722769,0,Low,No,36,No,Travel_Rarely,132,Research & Development,6,3,Life Sciences,1,2,Female,55,4,1,Laboratory Technician,4,Married,3038,22002,3,Y,No,12,3,2,80,0,5,3,3,1,0,0,0,Continue regular engagement
98,0.0345322230104808,0,Low,No,31,No,Travel_Rarely,746,Research & Development,8,4,Life Sciences,1,3,Female,61,3,2,Manufacturing Director,4,Single,4424,20682,1,Y,No,23,4,4,80,0,11,2,3,11,7,1,8,Continue regular engagement
100,0.019550853284956,0,Low,No,35,No,Travel_Rarely,776,Sales,1,4,Marketing,1,3,Male,32,2,2,Sales Executive,1,Single,4312,23016,0,Y,No,14,3,2,80,0,16,2,3,15,13,2,8,Continue regular engagement
101,0.0752849179114024,0,Low,No,45,No,Travel_Rarely,193,Research & Development,6,4,Other,1,4,Male,52,3,3,Research Director,1,Married,13245,15067,4,Y,Yes,14,3,2,80,0,17,3,4,0,0,0,0,Continue regular engagement
102,0.127160680126477,0,Low,No,37,No,Travel_Rarely,397,Research & Development,7,4,Medical,1,1,Male,30,3,3,Research Director,3,Single,13664,25258,4,Y,No,13,3,1,80,0,16,3,4,5,2,0,2,Continue regular engagement
103,0.0175230203158007,0,Low,No,46,No,Travel_Rarely,945,Human Resources,5,2,Medical,1,2,Male,80,3,2,Human Resources,2,Divorced,5021,10425,8,Y,Yes,22,4,4,80,1,16,2,3,4,2,0,2,Continue regular engagement
104,0.1328396572861518,0,Low,No,30,No,Travel_Rarely,852,Research & Development,1,1,Life Sciences,1,4,Male,55,2,2,Laboratory Technician,4,Married,5126,15998,1,Y,Yes,12,3,3,80,2,10,1,2,10,8,3,0,Continue regular engagement
105,0.6940584217071827,1,High,Yes,35,No,Travel_Rarely,1214,Research & Development,1,3,Medical,1,2,Male,30,2,1,Research Scientist,3,Single,2859,26278,1,Y,No,18,3,1,80,0,6,3,3,6,4,0,4,Schedule HR retention discussion
106,0.1265075009980091,0,Low,Yes,55,No,Travel_Rarely,111,Sales,1,2,Life Sciences,1,1,Male,70,3,3,Sales Executive,4,Married,10239,18092,3,Y,No,14,3,4,80,1,24,4,3,1,0,1,0,Continue regular engagement
107,0.0077776555773178,0,Low,No,38,No,Non-Travel,573,Research & Development,6,3,Medical,1,2,Female,79,1,2,Research Scientist,4,Divorced,5329,15717,7,Y,Yes,12,3,4,80,3,17,3,3,13,11,1,9,Continue regular engagement
110,0.0801126457957011,0,Low,No,34,No,Travel_Rarely,1153,Research & Development,1,2,Medical,1,1,Male,94,3,2,Manufacturing Director,2,Married,4325,17736,1,Y,No,15,3,3,80,0,5,2,3,5,2,1,3,Continue regular engagement
112,0.1492964044667393,0,Low,No,56,No,Travel_Rarely,1400,Research & Development,7,3,Life Sciences,1,4,Male,49,1,3,Manufacturing Director,4,Single,7260,21698,4,Y,No,11,3,1,80,0,37,3,2,6,4,0,2,Continue regular engagement
113,0.0298628534682193,0,Low,No,23,No,Travel_Rarely,541,Sales,2,1,Technical Degree,1,3,Male,62,3,1,Sales Representative,1,Divorced,2322,9518,3,Y,No,13,3,3,80,1,3,3,3,0,0,0,0,Continue regular engagement
116,0.0298363803655299,0,Low,Yes,51,No,Travel_Rarely,432,Research & Development,9,4,Life Sciences,1,4,Male,96,3,1,Laboratory Technician,4,Married,2075,18725,3,Y,No,23,4,2,80,2,10,4,3,4,2,0,3,Continue regular engagement
117,0.1142820977496696,0,Low,No,30,No,Travel_Rarely,288,Research & Development,2,3,Life Sciences,1,3,Male,99,2,2,Healthcare Representative,4,Married,4152,15830,1,Y,No,19,3,1,80,3,11,3,3,11,10,10,8,Continue regular engagement
118,0.0655325360939808,0,Low,No,46,Yes,Travel_Rarely,669,Sales,9,2,Medical,1,3,Male,64,2,3,Sales Executive,4,Single,9619,13596,1,Y,No,16,3,4,80,0,9,3,3,9,8,4,7,Continue regular engagement
119,0.031534360696749,0,Low,No,40,No,Travel_Frequently,530,Research & Development,1,4,Life Sciences,1,3,Male,78,2,4,Healthcare Representative,2,Married,13503,14115,1,Y,No,22,4,4,80,1,22,3,2,22,3,11,11,Continue regular engagement
120,0.0725779077666848,0,Low,No,51,No,Travel_Rarely,632,Sales,21,4,Marketing,1,3,Male,71,3,2,Sales Executive,4,Single,5441,8423,0,Y,Yes,22,4,4,80,0,11,2,1,10,7,1,0,Continue regular engagement
121,0.9752276860115444,1,High,Yes,30,No,Travel_Rarely,1334,Sales,4,2,Medical,1,3,Female,63,2,2,Sales Executive,2,Divorced,5209,19760,1,Y,Yes,12,3,2,80,3,11,4,2,11,8,2,7,Review workload and overtime
124,0.0822959435185859,0,Low,No,46,No,Travel_Frequently,638,Research & Development,1,3,Medical,1,3,Male,40,2,3,Healthcare Representative,1,Married,10673,3142,2,Y,Yes,13,3,3,80,1,21,5,2,10,9,9,5,Continue regular engagement
125,0.2852186674353394,1,Medium,No,32,No,Travel_Rarely,1093,Sales,6,4,Medical,1,2,Male,87,3,2,Sales Executive,3,Single,5010,24301,1,Y,No,16,3,1,80,0,12,0,3,11,8,5,7,Monitor engagement and satisfaction
126,0.266345359470892,1,Medium,Yes,54,No,Travel_Rarely,1217,Research & Development,2,4,Technical Degree,1,1,Female,60,3,3,Research Director,3,Married,13549,24001,9,Y,No,12,3,1,80,1,16,5,1,4,3,0,3,Monitor engagement and satisfaction
128,0.3521243265231887,1,Medium,No,24,No,Travel_Rarely,1353,Sales,3,2,Other,1,1,Female,33,3,2,Sales Executive,3,Married,4999,17519,0,Y,No,21,4,1,80,1,4,2,2,3,2,0,2,Monitor engagement and satisfaction
129,0.0495618596072777,0,Low,Yes,28,No,Non-Travel,120,Sales,4,3,Medical,1,2,Male,43,3,2,Sales Executive,3,Married,4221,8863,1,Y,No,15,3,2,80,0,5,3,4,5,4,0,4,Continue regular engagement
131,0.1224429174990595,0,Low,No,58,No,Travel_Rarely,682,Sales,10,4,Medical,1,4,Male,37,3,4,Sales Executive,3,Single,13872,24409,0,Y,No,13,3,3,80,0,38,1,2,37,10,1,8,Continue regular engagement
132,0.1194738543882063,0,Low,No,44,No,Non-Travel,489,Research & Development,23,3,Medical,1,2,Male,67,3,2,Laboratory Technician,2,Married,2042,25043,4,Y,No,12,3,3,80,1,17,3,4,3,2,1,2,Continue regular engagement
133,0.0173889464886642,0,Low,No,37,Yes,Travel_Rarely,807,Human Resources,6,4,Human Resources,1,3,Male,63,3,1,Human Resources,1,Divorced,2073,23648,4,Y,Yes,22,4,4,80,0,7,3,3,3,2,0,2,Continue regular engagement
134,0.1129005470191054,0,Low,No,32,No,Travel_Rarely,827,Research & Development,1,1,Life Sciences,1,4,Male,71,3,1,Research Scientist,1,Single,2956,15178,1,Y,No,13,3,4,80,0,1,2,3,1,0,0,0,Continue regular engagement
137,0.0475081025431352,0,Low,No,20,Yes,Travel_Frequently,871,Research & Development,6,3,Life Sciences,1,4,Female,66,2,1,Laboratory Technician,4,Single,2926,19783,1,Y,Yes,18,3,2,80,0,1,5,3,1,0,1,0,Continue regular engagement
138,0.033181395962239,0,Low,No,34,No,Travel_Rarely,665,Research & Development,6,4,Other,1,1,Female,41,3,2,Research Scientist,3,Single,4809,12482,1,Y,No,14,3,3,80,0,16,3,3,16,13,2,10,Continue regular engagement
139,0.3784572585329031,1,Medium,No,37,No,Non-Travel,1040,Research & Development,2,2,Life Sciences,1,3,Male,100,2,2,Healthcare Representative,4,Divorced,5163,15850,5,Y,No,14,3,4,80,1,17,2,4,1,0,0,0,Monitor engagement and satisfaction
140,0.0624171266783712,0,Low,No,59,No,Non-Travel,1420,Human Resources,2,4,Human Resources,1,3,Female,32,2,5,Manager,4,Married,18844,21922,9,Y,No,21,4,4,80,1,30,3,3,3,2,2,2,Continue regular engagement
141,0.1230428495656156,0,Low,No,50,No,Travel_Frequently,1115,Research & Development,1,3,Life Sciences,1,1,Female,73,3,5,Research Director,2,Married,18172,9755,3,Y,Yes,19,3,1,80,0,28,1,2,8,3,0,7,Continue regular engagement
142,0.0128920642685972,0,Low,No,25,Yes,Travel_Rarely,240,Sales,5,3,Marketing,1,3,Male,46,2,2,Sales Executive,3,Single,5744,26959,1,Y,Yes,11,3,4,80,0,6,1,3,6,4,0,3,Continue regular engagement
143,0.1076593099962867,0,Low,Yes,25,No,Travel_Rarely,1280,Research & Development,7,1,Medical,1,4,Male,64,2,1,Research Scientist,4,Married,2889,26897,1,Y,No,11,3,3,80,2,2,2,3,2,2,2,1,Continue regular engagement
144,0.0189560638314943,0,Low,No,22,No,Travel_Rarely,534,Research & Development,15,3,Medical,1,2,Female,59,3,1,Laboratory Technician,4,Single,2871,23785,1,Y,No,15,3,3,80,0,1,5,3,0,0,0,0,Continue regular engagement
145,0.0615277345032941,0,Low,No,51,No,Travel_Frequently,1456,Research & Development,1,4,Medical,1,1,Female,30,2,3,Healthcare Representative,1,Single,7484,25796,3,Y,No,20,4,3,80,0,23,1,2,13,12,12,8,Continue regular engagement
147,0.1500862829033127,0,Low,No,34,Yes,Travel_Frequently,658,Research & Development,7,3,Life Sciences,1,1,Male,66,1,2,Laboratory Technician,3,Single,6074,22887,1,Y,Yes,24,4,4,80,0,9,3,3,9,7,0,6,Continue regular engagement
148,0.0591209606412302,0,Low,No,54,No,Non-Travel,142,Human Resources,26,3,Human Resources,1,4,Female,30,4,4,Manager,4,Single,17328,13871,2,Y,Yes,12,3,3,80,0,23,3,3,5,3,4,4,Continue regular engagement
150,0.0143955393372168,0,Low,No,24,No,Travel_Rarely,1127,Research & Development,18,1,Life Sciences,1,2,Male,52,3,1,Laboratory Technician,3,Married,2774,13257,0,Y,No,12,3,3,80,1,6,2,3,5,3,1,2,Continue regular engagement
151,0.0480788770774698,0,Low,No,34,No,Travel_Rarely,1031,Research & Development,6,4,Life Sciences,1,3,Female,45,2,2,Research Scientist,2,Divorced,4505,15000,6,Y,No,15,3,3,80,1,12,3,3,1,0,0,0,Continue regular engagement
152,0.1283225755637138,0,Low,No,37,No,Travel_Rarely,1189,Sales,3,3,Life Sciences,1,3,Male,87,3,3,Sales Executive,4,Single,7428,14506,2,Y,No,12,3,1,80,0,12,3,3,5,3,1,3,Continue regular engagement
153,0.0731982761661981,0,Low,No,34,No,Travel_Rarely,1354,Research & Development,5,3,Medical,1,3,Female,45,2,3,Manager,1,Single,11631,5615,2,Y,No,12,3,4,80,0,14,6,3,11,10,5,8,Continue regular engagement
154,0.1569742311295455,0,Low,No,36,No,Travel_Frequently,1467,Sales,11,2,Technical Degree,1,2,Female,92,3,3,Sales Executive,4,Married,9738,22952,0,Y,No,14,3,3,80,1,10,6,3,9,7,2,8,Continue regular engagement
155,0.0633847125096197,0,Low,No,36,No,Travel_Rarely,922,Research & Development,3,2,Life Sciences,1,1,Female,39,3,1,Laboratory Technician,4,Divorced,2835,2561,5,Y,No,22,4,1,80,1,7,2,3,1,0,0,0,Continue regular engagement
158,0.0375626656211969,0,Low,No,43,No,Travel_Frequently,394,Sales,26,2,Life Sciences,1,3,Male,92,3,4,Manager,4,Married,16959,19494,1,Y,Yes,12,3,4,80,2,25,3,4,25,12,4,12,Continue regular engagement
159,0.0497092170158422,0,Low,No,30,No,Travel_Frequently,1312,Research & Development,23,3,Life Sciences,1,1,Male,96,1,1,Research Scientist,3,Divorced,2613,22310,1,Y,No,25,4,3,80,3,10,2,2,10,7,0,9,Continue regular engagement
160,0.3611363613749023,1,Medium,No,33,No,Non-Travel,750,Sales,22,2,Marketing,1,3,Male,95,3,2,Sales Executive,2,Married,6146,15480,0,Y,No,13,3,1,80,1,8,2,4,7,7,0,7,Monitor engagement and satisfaction
161,0.0307283795667145,0,Low,No,56,Yes,Travel_Rarely,441,Research & Development,14,4,Life Sciences,1,2,Female,72,3,1,Research Scientist,2,Married,4963,4510,9,Y,Yes,18,3,1,80,3,7,2,3,5,4,4,3,Continue regular engagement
162,0.0671251413309056,0,Low,No,51,No,Travel_Rarely,684,Research & Development,6,3,Life Sciences,1,1,Male,51,3,5,Research Director,3,Single,19537,6462,7,Y,No,13,3,3,80,0,23,5,3,20,18,15,15,Continue regular engagement
163,0.3033286317362628,1,Medium,No,31,Yes,Travel_Rarely,249,Sales,6,4,Life Sciences,1,2,Male,76,1,2,Sales Executive,3,Married,6172,20739,4,Y,Yes,18,3,2,80,0,12,3,2,7,7,7,7,Monitor engagement and satisfaction
164,0.0480354959540036,0,Low,No,26,No,Travel_Rarely,841,Research & Development,6,3,Other,1,3,Female,46,2,1,Research Scientist,2,Married,2368,23300,1,Y,No,19,3,3,80,0,5,3,2,5,4,4,3,Continue regular engagement
165,0.2732873146310863,1,Medium,No,58,Yes,Travel_Rarely,147,Research & Development,23,4,Medical,1,4,Female,94,3,3,Healthcare Representative,4,Married,10312,3465,1,Y,No,12,3,4,80,1,40,3,2,40,10,15,6,Monitor engagement and satisfaction
167,0.271429665439369,1,Medium,Yes,19,Yes,Travel_Rarely,528,Sales,22,1,Marketing,1,4,Male,50,3,1,Sales Representative,3,Single,1675,26820,1,Y,Yes,19,3,4,80,0,0,2,2,0,0,0,0,Monitor engagement and satisfaction
169,0.4702178322836252,1,Medium,No,22,No,Travel_Rarely,594,Research & Development,2,1,Technical Degree,1,3,Male,100,3,1,Laboratory Technician,4,Married,2523,19299,0,Y,No,14,3,3,80,1,3,2,3,2,1,2,1,Monitor engagement and satisfaction
170,0.1539393443492071,0,Low,No,49,No,Travel_Rarely,470,Research & Development,20,4,Medical,1,3,Female,96,3,2,Manufacturing Director,1,Married,6567,5549,1,Y,No,14,3,3,80,0,16,2,2,15,11,5,11,Continue regular engagement
171,0.265851374470177,1,Medium,Yes,43,No,Travel_Frequently,957,Research & Development,28,3,Medical,1,2,Female,72,4,1,Research Scientist,3,Single,4739,16090,4,Y,No,12,3,4,80,0,18,2,3,3,2,1,2,Monitor engagement and satisfaction
174,0.0146707678516435,0,Low,No,50,No,Travel_Frequently,809,Sales,12,3,Marketing,1,3,Female,77,3,3,Sales Executive,4,Single,9208,6645,4,Y,No,11,3,4,80,0,16,3,3,2,2,2,1,Continue regular engagement
175,0.1691475251183369,0,Low,Yes,31,Yes,Travel_Rarely,542,Sales,20,3,Life Sciences,1,2,Female,71,1,2,Sales Executive,3,Married,4559,24788,3,Y,Yes,11,3,3,80,1,4,2,3,2,2,2,2,Continue regular engagement
176,0.3291329951428204,1,Medium,No,41,No,Travel_Rarely,802,Sales,9,1,Life Sciences,1,3,Male,96,3,3,Sales Executive,3,Divorced,8189,21196,3,Y,Yes,13,3,3,80,1,12,2,3,9,7,0,7,Monitor engagement and satisfaction
177,0.0355917838744596,0,Low,No,26,No,Travel_Rarely,1355,Human Resources,25,1,Life Sciences,1,3,Female,61,3,1,Human Resources,3,Married,2942,8916,1,Y,No,23,4,4,80,1,8,3,3,8,7,5,7,Continue regular engagement
178,0.735263336089573,1,High,No,36,No,Travel_Rarely,216,Research & Development,6,2,Medical,1,2,Male,84,3,2,Manufacturing Director,2,Divorced,4941,2819,6,Y,No,20,4,4,80,2,7,0,3,3,2,0,1,Conduct employee satisfaction discussion
179,0.3079785546968891,1,Medium,No,51,Yes,Travel_Frequently,1150,Research & Development,8,4,Life Sciences,1,1,Male,53,1,3,Manufacturing Director,4,Single,10650,25150,2,Y,No,15,3,4,80,0,18,2,3,4,2,0,3,Monitor engagement and satisfaction
182,0.141787875010092,0,Low,No,39,No,Travel_Rarely,1329,Sales,4,4,Life Sciences,1,4,Female,47,2,2,Sales Executive,3,Married,5902,14590,4,Y,No,14,3,3,80,1,17,1,4,15,11,5,9,Continue regular engagement
183,0.0380514826016781,0,Low,No,25,No,Travel_Rarely,959,Sales,28,3,Life Sciences,1,1,Male,41,2,2,Sales Executive,3,Married,8639,24835,2,Y,No,18,3,4,80,0,6,3,3,2,2,2,2,Continue regular engagement
184,0.0219245567495615,0,Low,No,30,No,Travel_Rarely,1240,Human Resources,9,3,Human Resources,1,3,Male,48,3,2,Human Resources,4,Married,6347,13982,0,Y,Yes,19,3,4,80,0,12,2,1,11,9,4,7,Continue regular engagement
190,0.0138273981201459,0,Low,No,32,Yes,Travel_Rarely,1033,Research & Development,9,3,Medical,1,1,Female,41,3,1,Laboratory Technician,1,Single,4200,10224,7,Y,No,22,4,1,80,0,10,2,4,5,4,0,4,Continue regular engagement
192,0.0198688067669304,0,Low,No,45,No,Travel_Rarely,1316,Research & Development,29,3,Medical,1,3,Male,83,3,1,Research Scientist,4,Single,3452,9752,5,Y,No,13,3,2,80,0,9,2,2,6,5,0,3,Continue regular engagement
193,0.161306602130619,0,Low,No,38,No,Travel_Rarely,364,Research & Development,3,5,Technical Degree,1,4,Female,32,3,2,Research Scientist,3,Single,4317,2302,3,Y,Yes,20,4,2,80,0,19,2,3,3,2,2,2,Continue regular engagement
194,0.3713960049086238,1,Medium,No,30,No,Travel_Rarely,438,Research & Development,18,3,Life Sciences,1,1,Female,75,3,1,Research Scientist,3,Single,2632,23910,1,Y,No,14,3,3,80,0,5,4,2,5,4,0,4,Monitor engagement and satisfaction
195,0.1781146161398484,0,Low,Yes,32,No,Travel_Frequently,689,Sales,9,2,Medical,1,4,Male,35,1,2,Sales Executive,4,Divorced,4668,22812,0,Y,No,17,3,4,80,3,9,2,4,8,7,0,7,Continue regular engagement
197,0.1096015680355781,0,Low,No,30,No,Travel_Rarely,201,Research & Development,5,3,Technical Degree,1,4,Female,84,3,1,Research Scientist,1,Divorced,3204,10415,5,Y,No,14,3,4,80,1,8,3,3,3,2,2,2,Continue regular engagement
198,0.5229796057301506,1,High,No,30,No,Travel_Rarely,1427,Research & Development,2,1,Medical,1,2,Male,35,2,1,Laboratory Technician,4,Single,2720,11162,0,Y,No,13,3,4,80,0,6,3,3,5,3,1,2,Schedule HR retention discussion
199,0.1036532605338895,0,Low,No,41,No,Travel_Frequently,857,Research & Development,10,3,Life Sciences,1,4,Male,91,2,4,Manager,1,Divorced,17181,12888,4,Y,No,13,3,2,80,1,21,2,2,7,6,7,7,Continue regular engagement
200,0.0405028210575783,0,Low,No,41,No,Travel_Rarely,933,Research & Development,9,4,Life Sciences,1,3,Male,94,3,1,Laboratory Technician,1,Married,2238,6961,2,Y,No,21,4,4,80,1,7,2,3,5,0,1,4,Continue regular engagement
201,0.0263519595737987,0,Low,No,19,No,Travel_Rarely,1181,Research & Development,3,1,Medical,1,2,Female,79,3,1,Laboratory Technician,2,Single,1483,16102,1,Y,No,14,3,4,80,0,1,3,3,1,0,0,0,Continue regular engagement
202,0.091603120151789,0,Low,No,40,No,Travel_Frequently,1395,Research & Development,26,3,Medical,1,2,Female,54,3,2,Research Scientist,2,Divorced,5605,8504,1,Y,No,11,3,1,80,1,20,2,3,20,7,2,13,Continue regular engagement
204,0.0454199630666895,0,Low,No,35,No,Travel_Rarely,662,Sales,1,5,Marketing,1,3,Male,94,3,3,Sales Executive,2,Married,7295,11439,1,Y,No,13,3,1,80,2,10,3,3,10,8,0,6,Continue regular engagement
205,0.0275152741510109,0,Low,No,53,No,Travel_Rarely,1436,Sales,6,2,Marketing,1,2,Male,34,3,2,Sales Representative,3,Married,2306,16047,2,Y,Yes,20,4,4,80,1,13,3,1,7,7,4,5,Continue regular engagement
206,0.0244728281359531,0,Low,No,45,No,Travel_Rarely,194,Research & Development,9,3,Life Sciences,1,2,Male,60,3,2,Laboratory Technician,2,Divorced,2348,10901,8,Y,No,18,3,3,80,1,20,2,1,17,9,0,15,Continue regular engagement
207,0.0594675898613515,0,Low,No,32,No,Travel_Frequently,967,Sales,8,3,Marketing,1,2,Female,43,3,3,Sales Executive,4,Single,8998,15589,1,Y,No,14,3,4,80,0,9,2,3,9,8,3,7,Continue regular engagement
208,0.104469780965387,0,Low,Yes,29,No,Non-Travel,1496,Research & Development,1,1,Technical Degree,1,4,Male,41,3,2,Manufacturing Director,3,Married,4319,26283,1,Y,No,13,3,1,80,1,10,1,3,10,7,0,9,Continue regular engagement
211,0.0895976039699013,0,Low,Yes,51,No,Travel_Rarely,1169,Research & Development,7,4,Medical,1,2,Male,34,2,2,Manufacturing Director,3,Married,6132,13983,2,Y,No,17,3,3,80,0,10,2,3,1,0,0,0,Continue regular engagement
214,0.0166236897742468,0,Low,No,58,No,Travel_Rarely,1145,Research & Development,9,3,Medical,1,2,Female,75,2,1,Research Scientist,2,Married,3346,11873,4,Y,Yes,20,4,2,80,1,9,3,2,1,0,0,0,Continue regular engagement
215,0.6472528949868075,1,High,Yes,40,No,Travel_Rarely,630,Sales,4,4,Marketing,1,3,Male,67,2,3,Sales Executive,4,Married,10855,8552,7,Y,No,11,3,1,80,1,15,2,2,12,11,2,11,Review work-life balance
216,0.4092706425041032,1,Medium,No,34,No,Travel_Frequently,303,Sales,2,4,Marketing,1,3,Female,75,3,1,Sales Representative,3,Married,2231,11314,6,Y,No,18,3,4,80,1,6,3,3,4,3,1,2,Monitor engagement and satisfaction
217,0.0454162239091247,0,Low,No,22,No,Travel_Rarely,1256,Research & Development,19,1,Medical,1,3,Male,80,3,1,Research Scientist,4,Married,2323,11992,1,Y,No,24,4,1,80,2,2,6,3,2,2,2,2,Continue regular engagement
218,0.1116552126305593,0,Low,No,27,No,Non-Travel,691,Research & Development,9,3,Medical,1,4,Male,57,3,1,Research Scientist,2,Divorced,2024,5970,6,Y,No,18,3,4,80,1,6,1,1,2,2,2,2,Continue regular engagement
221,0.0233105167319114,0,Low,Yes,28,No,Travel_Rarely,440,Research & Development,21,3,Medical,1,3,Male,42,3,1,Research Scientist,4,Married,2713,6672,1,Y,No,11,3,3,80,1,5,2,1,5,2,0,2,Continue regular engagement
223,0.0271824205948524,0,Low,No,57,No,Travel_Rarely,334,Research & Development,24,2,Life Sciences,1,3,Male,83,4,3,Healthcare Representative,4,Divorced,9439,23402,3,Y,Yes,16,3,2,80,1,12,2,1,5,3,1,4,Continue regular engagement
224,0.2619802090711679,1,Medium,Yes,27,No,Non-Travel,1450,Research & Development,3,3,Medical,1,3,Male,79,2,1,Research Scientist,3,Divorced,2566,25326,1,Y,Yes,15,3,4,80,1,1,2,2,1,1,0,1,Monitor engagement and satisfaction
226,0.0856412537732974,0,Low,No,50,No,Travel_Rarely,1452,Research & Development,11,3,Life Sciences,1,3,Female,53,3,5,Manager,2,Single,19926,17053,3,Y,No,15,3,2,80,0,21,5,3,5,4,4,4,Continue regular engagement
227,0.2047051477407588,0,Low,Yes,41,No,Travel_Rarely,465,Research & Development,14,3,Life Sciences,1,1,Male,56,3,1,Research Scientist,3,Divorced,2451,4609,4,Y,No,12,3,1,80,1,13,2,3,9,8,1,8,Continue regular engagement
228,0.4933017365297476,1,Medium,No,30,No,Travel_Rarely,1339,Sales,5,3,Life Sciences,1,2,Female,41,3,3,Sales Executive,4,Married,9419,8053,2,Y,No,12,3,3,80,1,12,2,3,10,9,7,4,Monitor engagement and satisfaction
230,0.7123298393782781,1,High,Yes,38,No,Travel_Rarely,702,Sales,1,4,Life Sciences,1,1,Female,59,2,2,Sales Executive,4,Single,8686,12930,4,Y,No,22,4,3,80,0,12,2,4,8,3,0,7,Schedule HR retention discussion
231,0.1007602480679443,0,Low,No,32,No,Travel_Rarely,120,Research & Development,6,5,Life Sciences,1,3,Male,43,3,1,Research Scientist,3,Single,3038,12430,3,Y,No,20,4,1,80,0,8,2,3,5,4,1,4,Continue regular engagement
233,0.0262820103873394,0,Low,No,27,No,Travel_Rarely,1157,Research & Development,17,3,Technical Degree,1,3,Male,51,3,1,Research Scientist,2,Married,3058,13364,0,Y,Yes,16,3,4,80,1,6,3,2,5,2,1,1,Continue regular engagement
235,0.0915225846844797,0,Low,No,19,Yes,Travel_Frequently,602,Sales,1,1,Technical Degree,1,3,Female,100,1,1,Sales Representative,1,Single,2325,20989,0,Y,No,21,4,1,80,0,1,5,4,0,0,0,0,Continue regular engagement
238,0.2283958966990994,0,Low,No,36,No,Travel_Frequently,1480,Research & Development,3,2,Medical,1,4,Male,30,3,1,Laboratory Technician,2,Single,2088,15062,4,Y,No,12,3,3,80,0,13,3,2,8,7,7,2,Continue regular engagement
239,0.1900995367945646,0,Low,No,30,No,Non-Travel,111,Research & Development,9,3,Medical,1,3,Male,66,3,2,Laboratory Technician,1,Divorced,3072,11012,1,Y,No,11,3,3,80,2,12,4,3,12,9,6,10,Continue regular engagement
240,0.0719209442110457,0,Low,Yes,45,No,Travel_Rarely,1268,Sales,4,2,Life Sciences,1,3,Female,30,3,2,Sales Executive,1,Divorced,5006,6319,4,Y,Yes,11,3,1,80,1,9,3,4,5,4,0,3,Continue regular engagement
241,0.0198016681077862,0,Low,No,56,No,Travel_Rarely,713,Research & Development,8,3,Life Sciences,1,3,Female,67,3,1,Research Scientist,1,Divorced,4257,13939,4,Y,Yes,18,3,3,80,1,19,3,3,2,2,2,2,Continue regular engagement
242,0.1488141719901229,0,Low,Yes,33,No,Travel_Rarely,134,Research & Development,2,3,Life Sciences,1,3,Male,90,3,1,Research Scientist,4,Single,2500,10515,0,Y,No,14,3,1,80,0,4,2,4,3,1,0,2,Continue regular engagement
243,0.0207989433972321,0,Low,No,19,Yes,Travel_Rarely,303,Research & Development,2,3,Life Sciences,1,2,Male,47,2,1,Laboratory Technician,4,Single,1102,9241,1,Y,No,22,4,3,80,0,1,3,2,1,0,1,0,Continue regular engagement
244,0.1826832557631702,0,Low,Yes,46,No,Travel_Rarely,526,Sales,1,2,Marketing,1,2,Female,92,3,3,Sales Executive,1,Divorced,10453,2137,1,Y,No,25,4,3,80,3,24,2,3,24,13,15,7,Continue regular engagement
245,0.1440465547430329,0,Low,No,38,No,Travel_Rarely,1380,Research & Development,9,2,Life Sciences,1,3,Female,75,3,1,Laboratory Technician,4,Single,2288,6319,1,Y,No,12,3,3,80,0,2,3,3,2,2,2,1,Continue regular engagement
246,0.1957893915271729,0,Low,No,31,No,Travel_Rarely,140,Research & Development,12,1,Medical,1,3,Female,95,3,1,Research Scientist,4,Married,3929,6984,8,Y,Yes,23,4,3,80,1,7,0,3,4,2,0,2,Continue regular engagement
247,0.0937932124282883,0,Low,No,34,No,Travel_Rarely,629,Research & Development,27,2,Medical,1,4,Female,95,3,1,Research Scientist,2,Single,2311,5711,2,Y,No,15,3,4,80,0,9,3,3,3,2,1,2,Continue regular engagement
248,0.2414595408662872,0,Low,No,41,Yes,Travel_Rarely,1356,Sales,20,2,Marketing,1,2,Female,70,3,1,Sales Representative,2,Single,3140,21728,1,Y,Yes,22,4,4,80,0,4,5,2,4,3,0,2,Continue regular engagement
249,0.395098975376186,1,Medium,Yes,50,No,Travel_Rarely,328,Research & Development,1,3,Medical,1,3,Male,86,2,1,Laboratory Technician,3,Married,3690,3425,2,Y,No,15,3,4,80,1,5,2,2,3,2,0,2,Monitor engagement and satisfaction
250,0.086225549192005,0,Low,No,53,No,Travel_Rarely,1084,Research & Development,13,2,Medical,1,4,Female,57,4,2,Manufacturing Director,1,Divorced,4450,26250,1,Y,No,11,3,3,80,2,5,3,3,4,2,1,3,Continue regular engagement
252,0.0157705661039326,0,Low,No,33,No,Travel_Rarely,931,Research & Development,14,3,Medical,1,4,Female,72,3,1,Research Scientist,2,Married,2756,4673,1,Y,No,13,3,4,80,1,8,5,3,8,7,1,6,Continue regular engagement
253,0.0126309763092957,0,Low,No,40,No,Travel_Rarely,989,Research & Development,4,1,Medical,1,4,Female,46,3,5,Manager,3,Married,19033,6499,1,Y,No,14,3,2,80,1,21,2,3,20,8,9,9,Continue regular engagement
254,0.0442951236724596,0,Low,No,55,No,Travel_Rarely,692,Research & Development,14,4,Medical,1,3,Male,61,4,5,Research Director,2,Single,18722,13339,8,Y,No,11,3,4,80,0,36,3,3,24,15,2,15,Continue regular engagement
256,0.0204659037119573,0,Low,No,34,No,Travel_Frequently,1069,Research & Development,2,1,Life Sciences,1,4,Male,45,2,2,Manufacturing Director,3,Married,9547,14074,1,Y,No,17,3,3,80,0,10,2,2,10,9,1,9,Continue regular engagement
258,0.4671558156132765,1,Medium,No,51,No,Travel_Rarely,313,Research & Development,3,3,Medical,1,4,Female,98,3,4,Healthcare Representative,2,Single,13734,7192,3,Y,No,18,3,3,80,0,21,6,3,7,7,1,0,Monitor engagement and satisfaction
259,0.34312111218491,1,Medium,Yes,52,No,Travel_Rarely,699,Research & Development,1,4,Life Sciences,1,3,Male,65,2,5,Manager,3,Married,19999,5678,0,Y,No,14,3,1,80,1,34,5,3,33,18,11,9,Monitor engagement and satisfaction
260,0.0180856095224725,0,Low,No,27,No,Travel_Rarely,894,Research & Development,9,3,Medical,1,4,Female,99,3,1,Research Scientist,2,Single,2279,11781,1,Y,No,16,3,4,80,0,7,2,2,7,7,0,3,Continue regular engagement
261,0.042036490372876,0,Low,No,35,Yes,Travel_Rarely,556,Research & Development,23,2,Life Sciences,1,2,Male,50,2,2,Manufacturing Director,3,Married,5916,15497,3,Y,Yes,13,3,1,80,0,8,1,3,1,0,0,1,Continue regular engagement
262,0.0644702214775172,0,Low,No,43,No,Non-Travel,1344,Research & Development,7,3,Medical,1,4,Male,37,4,1,Research Scientist,4,Divorced,2089,5228,4,Y,No,14,3,4,80,3,7,3,4,5,4,2,2,Continue regular engagement
264,0.0212025774297826,0,Low,No,45,No,Non-Travel,1195,Research & Development,2,2,Medical,1,1,Male,65,2,4,Manager,4,Married,16792,20462,9,Y,No,23,4,4,80,1,22,1,3,20,8,11,8,Continue regular engagement
267,0.0328975869968924,0,Low,No,37,No,Travel_Rarely,290,Research & Development,21,3,Life Sciences,1,2,Male,65,4,1,Research Scientist,1,Married,3564,22977,1,Y,Yes,12,3,1,80,1,8,3,2,8,7,1,7,Continue regular engagement
269,0.4606469717442958,1,Medium,Yes,35,No,Travel_Frequently,138,Research & Development,2,3,Medical,1,2,Female,37,3,2,Laboratory Technician,2,Single,4425,15986,5,Y,No,11,3,4,80,0,10,5,3,6,2,1,2,Monitor engagement and satisfaction
270,0.3547923580214467,1,Medium,No,42,No,Non-Travel,926,Research & Development,21,2,Medical,1,3,Female,36,3,2,Manufacturing Director,3,Divorced,5265,16439,2,Y,No,16,3,2,80,1,11,5,3,5,3,0,2,Monitor engagement and satisfaction
271,0.084763233304413,0,Low,No,38,No,Travel_Rarely,1261,Research & Development,2,4,Life Sciences,1,4,Male,88,3,2,Manufacturing Director,3,Married,6553,7259,9,Y,No,14,3,2,80,0,14,3,3,1,0,0,0,Continue regular engagement
273,0.8128514596801266,1,High,No,38,No,Travel_Rarely,1084,Research & Development,29,3,Technical Degree,1,4,Male,54,3,2,Manufacturing Director,4,Married,6261,4185,3,Y,No,18,3,1,80,1,9,3,1,7,7,1,7,Review work-life balance
274,0.956848319786285,1,High,Yes,27,No,Travel_Frequently,472,Research & Development,1,1,Technical Degree,1,3,Male,60,2,2,Manufacturing Director,1,Married,4298,9679,5,Y,No,19,3,3,80,1,6,1,3,2,2,2,0,Conduct employee satisfaction discussion
275,0.053500841105338,0,Low,No,49,No,Non-Travel,1002,Research & Development,18,4,Life Sciences,1,4,Male,92,3,2,Manufacturing Director,4,Divorced,6804,23793,1,Y,Yes,15,3,1,80,2,7,0,3,7,7,1,7,Continue regular engagement
277,0.136698049868069,0,Low,No,34,No,Travel_Frequently,878,Research & Development,10,4,Medical,1,4,Male,43,3,1,Research Scientist,3,Divorced,3815,5972,1,Y,Yes,17,3,4,80,1,5,4,4,5,3,2,0,Continue regular engagement
281,0.0512779624406599,0,Low,No,40,No,Travel_Rarely,905,Research & Development,19,2,Medical,1,3,Male,99,3,2,Laboratory Technician,4,Married,2741,16523,8,Y,Yes,15,3,3,80,1,15,2,4,7,2,3,7,Continue regular engagement
282,0.5600693236272856,1,High,No,38,Yes,Travel_Rarely,1180,Research & Development,29,1,Medical,1,2,Male,70,3,2,Healthcare Representative,1,Married,6673,11354,7,Y,Yes,19,3,2,80,0,17,2,3,1,0,0,0,Review workload and overtime
283,0.0320178658894488,0,Low,No,29,Yes,Travel_Rarely,121,Sales,27,3,Marketing,1,2,Female,35,3,3,Sales Executive,4,Married,7639,24525,1,Y,No,22,4,4,80,3,10,3,2,10,4,1,9,Continue regular engagement
284,0.0327755306726488,0,Low,No,22,No,Travel_Rarely,1136,Research & Development,5,3,Life Sciences,1,4,Male,60,4,1,Research Scientist,2,Divorced,2328,12392,1,Y,Yes,16,3,1,80,1,4,2,2,4,2,2,2,Continue regular engagement
286,0.4293626983955589,1,Medium,No,36,No,Travel_Frequently,635,Research & Development,18,1,Medical,1,2,Female,73,3,1,Laboratory Technician,4,Single,2153,7703,1,Y,No,13,3,1,80,0,8,2,3,8,1,1,7,Monitor engagement and satisfaction
287,0.060365316226791,0,Low,No,40,No,Non-Travel,1151,Research & Development,9,5,Life Sciences,1,4,Male,63,2,2,Healthcare Representative,4,Married,4876,14242,9,Y,No,14,3,4,80,1,5,5,1,3,2,0,2,Continue regular engagement
288,0.04587199640184,0,Low,No,46,No,Travel_Rarely,644,Research & Development,1,4,Medical,1,4,Male,97,3,3,Healthcare Representative,1,Divorced,9396,12368,7,Y,No,16,3,3,80,1,17,3,3,4,2,0,3,Continue regular engagement
291,0.0135436496220674,0,Low,No,32,Yes,Travel_Rarely,1045,Sales,4,4,Medical,1,4,Male,32,1,3,Sales Executive,4,Married,10400,25812,1,Y,No,11,3,3,80,0,14,2,2,14,8,9,8,Continue regular engagement
292,0.0099572027328985,0,Low,No,30,No,Non-Travel,829,Research & Development,1,1,Life Sciences,1,3,Male,88,2,3,Manufacturing Director,3,Single,8474,20925,1,Y,No,22,4,3,80,0,12,2,3,11,8,5,8,Continue regular engagement
293,0.0304323769028498,0,Low,No,27,No,Travel_Frequently,1242,Sales,20,3,Life Sciences,1,4,Female,90,3,2,Sales Executive,3,Single,9981,12916,1,Y,No,14,3,4,80,0,7,2,3,7,7,0,7,Continue regular engagement
296,0.0251771933040505,0,Low,No,51,No,Travel_Rarely,1469,Research & Development,8,4,Life Sciences,1,2,Male,81,2,3,Research Director,2,Married,12490,15736,5,Y,No,16,3,4,80,2,16,5,1,10,9,4,7,Continue regular engagement
297,0.8964558560624822,1,High,Yes,30,Yes,Travel_Rarely,1005,Research & Development,3,3,Technical Degree,1,4,Female,88,3,1,Research Scientist,1,Single,2657,8556,5,Y,Yes,11,3,3,80,0,8,5,3,5,2,0,4,Review workload and overtime
298,0.1029618161429016,0,Low,No,41,No,Travel_Rarely,896,Sales,6,3,Life Sciences,1,4,Female,75,3,3,Manager,4,Single,13591,14674,3,Y,Yes,18,3,3,80,0,16,3,3,1,0,0,0,Continue regular engagement
299,0.0310599677408547,0,Low,No,30,Yes,Travel_Frequently,334,Sales,26,4,Marketing,1,3,Female,52,2,2,Sales Executive,1,Single,6696,22967,5,Y,No,15,3,3,80,0,9,5,2,6,3,0,1,Continue regular engagement
300,0.1551842287284743,0,Low,No,29,Yes,Travel_Rarely,992,Research & Development,1,3,Technical Degree,1,3,Male,85,3,1,Research Scientist,3,Single,2058,19757,0,Y,No,14,3,4,80,0,7,1,2,6,2,1,5,Continue regular engagement
302,0.2882759255514986,1,Medium,No,45,No,Non-Travel,1052,Sales,6,3,Medical,1,4,Female,57,2,3,Sales Executive,4,Single,8865,16840,6,Y,No,12,3,4,80,0,23,2,3,19,7,12,8,Monitor engagement and satisfaction
303,0.2946615699703646,1,Medium,Yes,54,No,Travel_Rarely,1147,Sales,3,3,Marketing,1,4,Female,52,3,2,Sales Executive,1,Married,5940,17011,2,Y,No,14,3,4,80,1,16,4,3,6,2,0,5,Monitor engagement and satisfaction
304,0.0142490402049828,0,Low,No,36,No,Travel_Rarely,1396,Research & Development,5,2,Life Sciences,1,4,Male,62,3,2,Laboratory Technician,2,Single,5914,9945,8,Y,No,16,3,4,80,0,16,3,4,13,11,3,7,Continue regular engagement
305,0.0965817630663721,0,Low,No,33,No,Travel_Rarely,147,Research & Development,4,4,Medical,1,3,Female,47,2,1,Research Scientist,2,Married,2622,13248,6,Y,No,21,4,4,80,0,7,3,3,3,2,1,1,Continue regular engagement
306,0.0877263287465788,0,Low,Yes,37,No,Travel_Frequently,663,Research & Development,11,3,Other,1,2,Male,47,3,3,Research Director,4,Divorced,12185,10056,1,Y,Yes,14,3,3,80,3,10,1,3,10,8,0,7,Continue regular engagement
307,0.9424813883940772,1,High,No,38,No,Travel_Rarely,119,Sales,3,3,Life Sciences,1,1,Male,76,3,3,Sales Executive,3,Divorced,10609,9647,0,Y,No,12,3,3,80,2,17,6,2,16,10,5,13,Review work-life balance
308,0.0940179222300679,0,Low,No,31,No,Non-Travel,979,Research & Development,1,4,Medical,1,3,Male,90,1,2,Manufacturing Director,3,Married,4345,4381,0,Y,No,12,3,4,80,1,6,2,3,5,4,1,4,Continue regular engagement
309,0.0281211284850986,0,Low,No,59,No,Travel_Rarely,142,Research & Development,3,3,Life Sciences,1,3,Male,70,2,1,Research Scientist,4,Married,2177,8456,3,Y,No,17,3,1,80,1,7,6,3,1,0,0,0,Continue regular engagement
311,0.3154996281883931,1,Medium,No,37,No,Travel_Frequently,319,Sales,4,4,Marketing,1,1,Male,41,3,1,Sales Representative,4,Divorced,2793,2539,4,Y,No,17,3,3,80,1,13,2,3,9,8,5,8,Monitor engagement and satisfaction
312,0.1586965751229516,0,Low,No,29,No,Travel_Frequently,1413,Sales,1,1,Medical,1,2,Female,42,3,3,Sales Executive,4,Married,7918,6599,1,Y,No,14,3,4,80,1,11,5,3,11,10,4,1,Continue regular engagement
314,0.0137982244648367,0,Low,No,35,No,Travel_Frequently,944,Sales,1,3,Marketing,1,3,Female,92,3,3,Sales Executive,3,Single,8789,9096,1,Y,No,14,3,1,80,0,10,3,4,10,7,0,8,Continue regular engagement
315,0.0399329745418577,0,Low,No,29,Yes,Travel_Rarely,896,Research & Development,18,1,Medical,1,3,Male,86,2,1,Research Scientist,4,Single,2389,14961,1,Y,Yes,13,3,3,80,0,4,3,2,4,3,0,1,Continue regular engagement
316,0.0612428262613282,0,Low,No,52,No,Travel_Rarely,1323,Research & Development,2,3,Life Sciences,1,3,Female,89,2,1,Laboratory Technician,4,Single,3212,3300,7,Y,No,15,3,2,80,0,6,3,2,2,2,2,2,Continue regular engagement
319,0.0202430022520222,0,Low,No,42,No,Travel_Rarely,532,Research & Development,4,2,Technical Degree,1,3,Male,58,3,5,Manager,4,Married,19232,4933,1,Y,No,11,3,4,80,0,22,3,3,22,17,11,15,Continue regular engagement
321,0.0640242261701931,0,Low,No,59,No,Travel_Rarely,818,Human Resources,6,2,Medical,1,2,Male,52,3,1,Human Resources,3,Married,2267,25657,8,Y,No,17,3,4,80,0,7,2,2,2,2,2,2,Continue regular engagement
323,0.0516649767177001,0,Low,No,50,No,Travel_Rarely,854,Sales,1,4,Medical,1,4,Female,68,3,5,Manager,4,Divorced,19517,24118,3,Y,No,11,3,3,80,1,32,3,2,7,0,0,6,Continue regular engagement
325,0.0130483852494682,0,Low,No,33,Yes,Travel_Rarely,813,Research & Development,14,3,Medical,1,3,Male,58,3,1,Laboratory Technician,4,Married,2436,22149,5,Y,Yes,13,3,3,80,1,8,2,1,5,4,0,4,Continue regular engagement
327,0.0407398478092954,0,Low,No,43,No,Travel_Rarely,1034,Sales,16,3,Marketing,1,4,Female,80,3,4,Manager,4,Married,16064,7744,5,Y,Yes,22,4,3,80,1,22,3,3,17,13,1,9,Continue regular engagement
328,0.0507684150610852,0,Low,No,33,Yes,Travel_Rarely,465,Research & Development,2,2,Life Sciences,1,1,Female,39,3,1,Laboratory Technician,1,Married,2707,21509,7,Y,No,20,4,1,80,0,13,3,4,9,7,1,7,Continue regular engagement
329,0.0357236453515988,0,Low,No,52,No,Non-Travel,771,Sales,2,4,Life Sciences,1,1,Male,79,2,5,Manager,3,Single,19068,21030,1,Y,Yes,18,3,4,80,0,33,2,4,33,7,15,12,Continue regular engagement
330,0.1321670506948521,0,Low,Yes,32,No,Travel_Rarely,1401,Sales,4,2,Life Sciences,1,3,Female,56,3,1,Sales Representative,2,Married,3931,20990,2,Y,No,11,3,1,80,1,6,5,3,4,3,1,2,Continue regular engagement
331,0.2282901470702941,0,Low,No,32,Yes,Travel_Rarely,515,Research & Development,1,3,Life Sciences,1,4,Male,62,2,1,Laboratory Technician,3,Single,3730,9571,0,Y,Yes,14,3,4,80,0,4,2,1,3,2,1,2,Continue regular engagement
332,0.0382842092990229,0,Low,Yes,39,No,Travel_Rarely,1431,Research & Development,1,4,Medical,1,3,Female,96,3,1,Laboratory Technician,3,Divorced,2232,15417,7,Y,No,14,3,3,80,3,7,1,3,3,2,1,2,Continue regular engagement
333,0.249151079864697,0,Low,No,32,No,Non-Travel,976,Sales,26,4,Marketing,1,3,Male,100,3,2,Sales Executive,4,Married,4465,12069,0,Y,No,18,3,1,80,0,4,2,3,3,2,2,2,Continue regular engagement
334,0.0140482377532214,0,Low,No,41,No,Travel_Rarely,1411,Research & Development,19,2,Life Sciences,1,3,Male,36,3,2,Research Scientist,1,Divorced,3072,19877,2,Y,No,16,3,1,80,2,17,2,2,1,0,0,0,Continue regular engagement
335,0.0667119648334179,0,Low,No,40,No,Travel_Rarely,1300,Research & Development,24,2,Technical Degree,1,1,Male,62,3,2,Research Scientist,4,Divorced,3319,24447,1,Y,No,17,3,1,80,2,9,3,3,9,8,4,7,Continue regular engagement
336,0.0282827237924881,0,Low,No,45,No,Travel_Rarely,252,Research & Development,1,3,Other,1,3,Male,70,4,5,Manager,4,Married,19202,15970,0,Y,No,11,3,3,80,1,25,2,3,24,0,1,7,Continue regular engagement
337,0.1047044241186346,0,Low,No,31,No,Travel_Frequently,1327,Research & Development,3,4,Medical,1,2,Male,73,3,3,Research Director,3,Divorced,13675,13523,9,Y,No,12,3,1,80,1,9,3,3,2,2,2,2,Continue regular engagement
338,0.0741355283078724,0,Low,Yes,33,No,Travel_Rarely,832,Research & Development,5,4,Life Sciences,1,3,Female,63,2,1,Research Scientist,4,Married,2911,14776,1,Y,No,13,3,3,80,1,2,2,2,2,2,0,2,Continue regular engagement
339,0.0392183948574582,0,Low,No,34,No,Travel_Rarely,470,Research & Development,2,4,Life Sciences,1,4,Male,84,2,2,Manufacturing Director,1,Married,5957,23687,6,Y,No,13,3,2,80,1,13,3,3,11,9,5,9,Continue regular engagement
340,0.086262810801015,0,Low,No,37,No,Travel_Rarely,1017,Research & Development,1,2,Medical,1,3,Female,83,2,1,Research Scientist,1,Married,3920,18697,2,Y,No,14,3,1,80,1,17,2,2,3,1,0,2,Continue regular engagement
341,0.0438884359503391,0,Low,No,45,No,Travel_Frequently,1199,Research & Development,7,4,Life Sciences,1,1,Male,77,4,2,Manufacturing Director,3,Married,6434,5118,4,Y,No,17,3,4,80,1,9,1,3,3,2,0,2,Continue regular engagement
342,0.4545725652848539,1,Medium,Yes,37,Yes,Travel_Frequently,504,Research & Development,10,3,Medical,1,1,Male,61,3,3,Manufacturing Director,3,Divorced,10048,22573,6,Y,No,11,3,2,80,2,17,5,3,1,0,0,0,Monitor engagement and satisfaction
343,0.6437176170975925,1,High,Yes,39,No,Travel_Frequently,505,Research & Development,2,4,Technical Degree,1,3,Female,64,3,3,Healthcare Representative,3,Single,10938,6420,0,Y,No,25,4,4,80,0,20,1,3,19,6,11,8,Schedule HR retention discussion
346,0.0903984246977364,0,Low,No,29,No,Travel_Rarely,665,Research & Development,15,3,Life Sciences,1,3,Male,60,3,1,Research Scientist,4,Single,2340,22673,1,Y,No,19,3,1,80,0,6,1,3,6,5,1,5,Continue regular engagement
347,0.1759905995048827,0,Low,No,42,No,Travel_Rarely,916,Research & Development,17,2,Life Sciences,1,4,Female,82,4,2,Research Scientist,1,Single,6545,23016,3,Y,Yes,13,3,3,80,0,10,1,3,3,2,0,2,Continue regular engagement
349,0.0208336672351508,0,Low,No,29,No,Travel_Rarely,1247,Sales,20,2,Marketing,1,4,Male,45,3,2,Sales Executive,4,Divorced,6931,10732,2,Y,No,14,3,4,80,1,10,2,3,3,2,0,2,Continue regular engagement
350,0.0262150988658735,0,Low,No,25,No,Travel_Rarely,685,Research & Development,1,3,Life Sciences,1,1,Female,62,3,2,Manufacturing Director,3,Married,4898,7505,0,Y,No,12,3,4,80,2,5,3,3,4,2,1,2,Continue regular engagement
351,0.3556390450880793,1,Medium,Yes,42,No,Travel_Rarely,269,Research & Development,2,3,Medical,1,4,Female,56,2,1,Laboratory Technician,1,Divorced,2593,8007,0,Y,Yes,11,3,3,80,1,10,4,3,9,6,7,8,Monitor engagement and satisfaction
352,0.2682278792955289,1,Medium,No,40,No,Travel_Rarely,1416,Research & Development,2,2,Medical,1,1,Male,49,3,5,Research Director,3,Divorced,19436,5949,0,Y,No,19,3,4,80,1,22,5,3,21,7,3,9,Monitor engagement and satisfaction
353,0.0482962723652535,0,Low,No,51,No,Travel_Rarely,833,Research & Development,1,3,Life Sciences,1,3,Male,96,3,1,Research Scientist,4,Married,2723,23231,1,Y,No,11,3,2,80,0,1,0,2,1,0,0,0,Continue regular engagement
355,0.0183667929885433,0,Low,No,31,Yes,Travel_Frequently,307,Research & Development,29,2,Medical,1,3,Male,71,2,1,Laboratory Technician,2,Single,3479,11652,0,Y,No,11,3,2,80,0,6,2,4,5,4,1,4,Continue regular engagement
359,0.0062432223040843,0,Low,No,32,No,Travel_Frequently,1311,Research & Development,7,3,Life Sciences,1,2,Male,100,4,1,Laboratory Technician,2,Married,2794,26062,1,Y,No,20,4,3,80,0,5,3,1,5,1,0,3,Continue regular engagement
361,0.0395755476655405,0,Low,No,38,No,Non-Travel,1327,Sales,2,2,Life Sciences,1,4,Male,39,2,2,Sales Executive,4,Married,5249,19682,3,Y,No,18,3,4,80,1,13,0,3,8,7,7,5,Continue regular engagement
362,0.0242963771650791,0,Low,No,32,No,Travel_Rarely,128,Research & Development,2,1,Technical Degree,1,4,Male,84,2,2,Laboratory Technician,1,Single,2176,19737,4,Y,No,13,3,4,80,0,9,5,3,6,2,0,4,Continue regular engagement
363,0.034982240382186,0,Low,No,46,No,Travel_Rarely,488,Sales,2,3,Technical Degree,1,3,Female,75,1,4,Manager,2,Married,16872,14977,3,Y,Yes,12,3,2,80,1,28,2,2,7,7,7,7,Continue regular engagement
364,0.0574986402761394,0,Low,No,28,Yes,Travel_Rarely,529,Research & Development,2,4,Life Sciences,1,1,Male,79,3,1,Laboratory Technician,3,Single,3485,14935,2,Y,No,11,3,3,80,0,5,5,1,0,0,0,0,Continue regular engagement
366,0.0406012937599975,0,Low,No,29,No,Travel_Rarely,1210,Sales,2,3,Medical,1,1,Male,78,2,2,Sales Executive,2,Married,6644,3687,2,Y,No,19,3,2,80,2,10,2,3,0,0,0,0,Continue regular engagement
367,0.0357443551128385,0,Low,No,31,No,Travel_Rarely,1463,Research & Development,23,3,Medical,1,2,Male,64,2,2,Healthcare Representative,4,Married,5582,14408,0,Y,No,21,4,2,80,1,10,2,3,9,0,7,8,Continue regular engagement
369,0.0680933614635306,0,Low,No,25,No,Non-Travel,675,Research & Development,5,2,Life Sciences,1,2,Male,85,4,2,Healthcare Representative,1,Divorced,4000,18384,1,Y,No,12,3,4,80,2,6,2,3,6,3,1,5,Continue regular engagement
372,0.1199087757880946,0,Low,No,45,No,Travel_Rarely,1385,Research & Development,20,2,Medical,1,3,Male,79,3,4,Healthcare Representative,4,Married,13496,7501,0,Y,Yes,14,3,2,80,0,21,2,3,20,7,4,10,Continue regular engagement
373,0.0412650387335806,0,Low,No,36,No,Travel_Rarely,1403,Research & Development,6,3,Life Sciences,1,4,Male,47,3,1,Laboratory Technician,4,Married,3210,20251,0,Y,No,11,3,3,80,1,16,4,3,15,13,10,11,Continue regular engagement
374,0.4548455173699134,1,Medium,Yes,55,No,Travel_Rarely,452,Research & Development,1,3,Medical,1,4,Male,81,3,5,Manager,1,Single,19045,18938,0,Y,Yes,14,3,3,80,0,37,2,3,36,10,4,13,Monitor engagement and satisfaction
376,0.0218384304254746,0,Low,No,47,Yes,Non-Travel,666,Research & Development,29,4,Life Sciences,1,1,Male,88,3,3,Manager,2,Married,11849,10268,1,Y,Yes,12,3,4,80,1,10,2,2,10,7,9,9,Continue regular engagement
377,0.0165758563583961,0,Low,No,28,No,Travel_Rarely,1158,Research & Development,9,3,Medical,1,4,Male,94,3,1,Research Scientist,4,Married,2070,2613,1,Y,No,23,4,4,80,1,5,3,2,5,2,0,4,Continue regular engagement
378,0.1046350864202482,0,Low,No,37,No,Travel_Rarely,228,Sales,6,4,Medical,1,3,Male,98,3,2,Sales Executive,4,Married,6502,22825,4,Y,No,14,3,2,80,1,7,5,4,5,4,0,1,Continue regular engagement
379,0.0539253999085012,0,Low,No,21,No,Travel_Rarely,996,Research & Development,3,2,Medical,1,4,Male,100,2,1,Research Scientist,3,Single,3230,10531,1,Y,No,17,3,1,80,0,3,4,4,3,2,1,0,Continue regular engagement
380,0.1236521612461841,0,Low,No,37,No,Non-Travel,728,Research & Development,1,4,Medical,1,1,Female,80,3,3,Research Director,4,Divorced,13603,11677,2,Y,Yes,18,3,1,80,2,15,2,3,5,2,0,2,Continue regular engagement
381,0.8134213777472002,1,High,Yes,35,No,Travel_Rarely,1315,Research & Development,22,3,Life Sciences,1,2,Female,71,4,3,Manager,2,Divorced,11996,19100,7,Y,No,18,3,2,80,1,10,6,2,7,7,6,2,Conduct employee satisfaction discussion
382,0.210062737496812,0,Low,No,38,No,Travel_Rarely,322,Sales,7,2,Medical,1,1,Female,44,4,2,Sales Executive,1,Divorced,5605,19191,1,Y,Yes,24,4,3,80,1,8,3,3,8,0,7,7,Continue regular engagement
384,0.0891717368367034,0,Low,No,26,No,Travel_Frequently,1479,Research & Development,1,3,Life Sciences,1,3,Female,84,3,2,Manufacturing Director,2,Divorced,6397,26767,1,Y,No,20,4,1,80,1,6,6,1,6,5,1,4,Continue regular engagement
385,0.0313787016392468,0,Low,No,50,No,Travel_Rarely,797,Research & Development,4,1,Life Sciences,1,1,Male,96,3,5,Research Director,2,Divorced,19144,15815,3,Y,No,14,3,1,80,2,28,4,2,10,4,1,6,Continue regular engagement
386,0.0609834940720864,0,Low,No,53,No,Travel_Rarely,1070,Research & Development,3,4,Medical,1,3,Male,45,3,4,Research Director,3,Married,17584,21016,3,Y,Yes,16,3,4,80,3,21,5,2,5,3,1,3,Continue regular engagement
387,0.0561714494644863,0,Low,No,42,No,Travel_Rarely,635,Sales,1,1,Life Sciences,1,2,Male,99,3,2,Sales Executive,3,Married,4907,24532,1,Y,No,25,4,3,80,0,20,3,3,20,16,11,6,Continue regular engagement
388,0.0179209065970355,0,Low,No,29,No,Travel_Frequently,442,Sales,2,2,Life Sciences,1,2,Male,44,3,2,Sales Executive,4,Single,4554,20260,1,Y,No,18,3,1,80,0,10,3,2,10,7,0,9,Continue regular engagement
389,0.2359327421029065,0,Low,No,55,No,Travel_Rarely,147,Research & Development,20,2,Technical Degree,1,2,Male,37,3,2,Laboratory Technician,4,Married,5415,15972,3,Y,Yes,19,3,4,80,1,12,4,3,10,7,0,8,Continue regular engagement
390,0.4733144912015186,1,Medium,No,26,No,Travel_Frequently,496,Research & Development,11,2,Medical,1,1,Male,60,3,2,Healthcare Representative,1,Married,4741,22722,1,Y,Yes,13,3,3,80,1,5,3,3,5,3,3,3,Monitor engagement and satisfaction
391,0.0926392587357037,0,Low,No,37,No,Travel_Rarely,1372,Research & Development,1,3,Life Sciences,1,4,Female,42,3,1,Research Scientist,4,Single,2115,15881,1,Y,No,12,3,2,80,0,17,3,3,17,12,5,7,Continue regular engagement
392,0.0129293773254599,0,Low,No,44,Yes,Travel_Frequently,920,Research & Development,24,3,Life Sciences,1,4,Male,43,3,1,Laboratory Technician,3,Divorced,3161,19920,3,Y,Yes,22,4,4,80,1,19,0,1,1,0,0,0,Continue regular engagement
393,0.5372887680084407,1,High,Yes,38,No,Travel_Rarely,688,Research & Development,23,4,Life Sciences,1,4,Male,82,3,2,Healthcare Representative,4,Divorced,5745,18899,9,Y,No,14,3,2,80,1,10,2,3,2,2,1,2,Schedule HR retention discussion
394,0.1636396570682578,0,Low,No,26,Yes,Travel_Rarely,1449,Research & Development,16,4,Medical,1,1,Male,45,3,1,Laboratory Technician,2,Divorced,2373,14180,2,Y,Yes,13,3,4,80,1,5,2,3,3,2,0,2,Continue regular engagement
395,0.0328260904750479,0,Low,No,28,No,Travel_Rarely,1117,Research & Development,8,2,Life Sciences,1,4,Female,66,3,1,Research Scientist,4,Single,3310,4488,1,Y,No,21,4,4,80,0,5,3,3,5,3,0,2,Continue regular engagement
396,0.0102292735393141,0,Low,No,49,No,Travel_Frequently,636,Research & Development,10,4,Life Sciences,1,3,Female,35,3,5,Research Director,1,Single,18665,25594,9,Y,Yes,11,3,4,80,0,22,4,3,3,2,1,2,Continue regular engagement
397,0.1455325225952173,0,Low,Yes,36,No,Travel_Rarely,506,Research & Development,3,3,Technical Degree,1,3,Male,30,3,2,Research Scientist,2,Single,4485,26285,4,Y,No,12,3,4,80,0,10,2,3,8,0,7,7,Continue regular engagement
399,0.099794036576911,0,Low,No,31,No,Travel_Frequently,444,Sales,5,3,Marketing,1,4,Female,84,3,1,Sales Representative,2,Divorced,2789,3909,1,Y,No,11,3,3,80,1,2,5,2,2,2,2,2,Continue regular engagement
401,0.0196575410896249,0,Low,No,26,Yes,Travel_Rarely,950,Sales,4,4,Marketing,1,4,Male,48,2,2,Sales Executive,4,Single,5828,8450,1,Y,Yes,12,3,2,80,0,8,0,3,8,7,7,4,Continue regular engagement
